variant,input,threads,score,time_sec,run
data_paral,mapb9_9b.txt,48,439,0.236576,13
data_paral,mapb8_8b.txt,1,490,0.000499842,8
data_paral,mapb8_8b.txt,1,490,0.000497972,9
data_paral,mapb8_8b.txt,1,490,0.000499703,10
data_paral,mapb8_8b.txt,1,490,0.000525802,11
data_paral,mapb8_8b.txt,1,490,0.000499473,12
data_paral,mapb8_8b.txt,1,490,0.000496663,13
data_paral,mapb8_8b.txt,2,490,0.000826334,4
data_paral,mapb8_8b.txt,2,490,0.000807134,5
data_paral,mapb8_8b.txt,2,490,0.000817254,6
data_paral,mapb8_8b.txt,2,490,0.000827264,7
data_paral,mapb8_8b.txt,2,490,0.000819914,8
data_paral,mapb8_8b.txt,1,490,0.000497982,7
data_paral,mapb8_8b.txt,2,490,0.000806034,9
data_paral,mapb8_8b.txt,2,490,0.000729354,11
data_paral,mapb8_8b.txt,2,490,0.000804054,12
data_paral,mapb8_8b.txt,2,490,0.000821924,13
data_paral,mapb8_8b.txt,4,490,0.000973315,4
data_paral,mapb8_8b.txt,4,490,0.000940095,5
data_paral,mapb8_8b.txt,4,490,0.000964425,6
data_paral,mapb8_8b.txt,4,490,0.000995025,7
data_paral,mapb8_8b.txt,4,490,0.000965785,8
data_paral,mapb8_8b.txt,4,490,0.000963715,9
data_paral,mapb8_8b.txt,4,490,0.000934524,10
data_paral,mapb8_8b.txt,4,490,0.000962405,11
data_paral,mapb8_8b.txt,2,490,0.000811084,10
data_paral,mapb8_8b.txt,1,490,0.000501053,6
data_paral,mapb8_8b.txt,1,490,0.000496003,5
data_paral,mapb8_8b.txt,1,490,0.000496222,4
data_paral,mapb8_8a.txt,16,490,0.00490884,9
data_paral,mapb8_8a.txt,16,490,0.00474465,10
data_paral,mapb8_8a.txt,16,490,0.00533112,11
data_paral,mapb8_8a.txt,16,490,0.00454691,12
data_paral,mapb8_8a.txt,16,490,0.00552998,13
data_paral,mapb8_8a.txt,32,490,0.00692154,4
data_paral,mapb8_8a.txt,32,490,0.006482,5
data_paral,mapb8_8a.txt,32,490,0.00488174,6
data_paral,mapb8_8a.txt,32,490,0.00621743,7
data_paral,mapb8_8a.txt,32,490,0.00615866,8
data_paral,mapb8_8a.txt,32,490,0.0069811,9
data_paral,mapb8_8a.txt,32,490,0.0068903,10
data_paral,mapb8_8a.txt,32,490,0.00687741,11
data_paral,mapb8_8a.txt,32,490,0.00648599,12
data_paral,mapb8_8a.txt,32,490,0.0066371,13
data_paral,mapb8_8a.txt,48,490,0.00631416,4
data_paral,mapb8_8a.txt,48,490,0.0072656,5
data_paral,mapb8_8a.txt,48,490,0.0074104,6
data_paral,mapb8_8a.txt,48,490,0.00766858,7
data_paral,mapb8_8a.txt,48,490,0.00722628,8
data_paral,mapb8_8a.txt,48,490,0.00718078,9
data_paral,mapb8_8a.txt,48,490,0.00707461,10
data_paral,mapb8_8a.txt,48,490,0.028191,11
data_paral,mapb8_8a.txt,48,490,0.00773351,12
data_paral,mapb8_8a.txt,48,490,0.0366162,13
data_paral,mapb8_8b.txt,4,490,0.000999996,12
data_paral,mapb8_8a.txt,16,490,0.00371268,8
data_paral,mapb8_8b.txt,4,490,0.000955675,13
data_paral,mapb8_8b.txt,12,490,0.00147045,5
data_paral,mapb8_8b.txt,48,490,0.00389285,5
data_paral,mapb8_8b.txt,48,490,0.0039502,6
data_paral,mapb8_8b.txt,48,490,0.0242671,7
data_paral,mapb8_8b.txt,48,490,0.00382171,8
data_paral,mapb8_8b.txt,48,490,0.00408591,9
data_paral,mapb8_8b.txt,48,490,0.0352388,10
data_paral,mapb8_8b.txt,48,490,0.0351253,11
data_paral,mapb8_8b.txt,48,490,0.00389335,12
data_paral,mapb8_8b.txt,48,490,0.00383494,13
data_paral,mapb9_9a.txt,1,509,0.0611557,4
data_paral,mapb9_9a.txt,1,509,0.0612976,5
data_paral,mapb8_8b.txt,48,490,0.00393787,4
data_paral,mapb9_9a.txt,1,509,0.0612723,6
data_paral,mapb9_9a.txt,1,509,0.0610254,8
data_paral,mapb9_9a.txt,1,509,0.061051,9
data_paral,mapb9_9a.txt,1,509,0.0611861,10
data_paral,mapb9_9a.txt,1,509,0.061299,11
data_paral,mapb9_9a.txt,1,509,0.0614308,12
data_paral,mapb9_9a.txt,1,509,0.0611667,13
data_paral,mapb9_9a.txt,2,509,0.0682562,4
data_paral,mapb9_9a.txt,2,509,0.0683692,5
data_paral,mapb9_9a.txt,2,509,0.0680455,6
data_paral,mapb9_9a.txt,2,509,0.0688454,7
data_paral,mapb9_9a.txt,2,509,0.0678653,8
data_paral,mapb9_9a.txt,1,509,0.0610469,7
data_paral,mapb8_8b.txt,32,490,0.00281761,13
data_paral,mapb8_8b.txt,32,490,0.00266658,12
data_paral,mapb8_8b.txt,32,490,0.0027491,11
data_paral,mapb8_8b.txt,12,490,0.00151782,6
data_paral,mapb8_8b.txt,12,490,0.00150204,7
data_paral,mapb8_8b.txt,12,490,0.00151282,8
data_paral,mapb8_8b.txt,12,490,0.00146105,9
data_paral,mapb8_8b.txt,12,490,0.001479,10
data_paral,mapb8_8b.txt,12,490,0.0014971,11
data_paral,mapb8_8b.txt,12,490,0.00149771,12
data_paral,mapb8_8b.txt,12,490,0.00153733,13
data_paral,mapb8_8b.txt,16,490,0.00176302,4
data_paral,mapb8_8b.txt,16,490,0.00177153,5
data_paral,mapb8_8b.txt,16,490,0.00174816,6
data_paral,mapb8_8b.txt,16,490,0.00178756,7
data_paral,mapb8_8b.txt,16,490,0.00179259,8
data_paral,mapb8_8b.txt,16,490,0.00174472,9
data_paral,mapb8_8b.txt,16,490,0.00170833,10
data_paral,mapb8_8b.txt,16,490,0.00179698,11
data_paral,mapb8_8b.txt,16,490,0.00176977,12
data_paral,mapb8_8b.txt,16,490,0.00177434,13
data_paral,mapb8_8b.txt,32,490,0.00290336,4
data_paral,mapb8_8b.txt,32,490,0.00276321,5
data_paral,mapb8_8b.txt,32,490,0.00292862,6
data_paral,mapb8_8b.txt,32,490,0.00285864,7
data_paral,mapb8_8b.txt,32,490,0.00291185,8
data_paral,mapb8_8b.txt,32,490,0.00284223,9
data_paral,mapb8_8b.txt,32,490,0.00280527,10
data_paral,mapb8_8b.txt,12,490,0.00145411,4
data_paral,mapb9_9a.txt,2,509,0.0687109,9
data_paral,mapb8_8a.txt,16,490,0.00564664,7
data_paral,mapb8_8a.txt,16,490,0.0053409,5
data_paral,mapb10_10a.txt,12,580,6.01649,4
data_paral,mapb10_10a.txt,12,580,5.94719,5
data_paral,mapb10_10a.txt,12,580,6.0842,6
data_paral,mapb10_10a.txt,12,580,5.92844,7
data_paral,mapb10_10a.txt,12,580,5.92991,8
data_paral,mapb10_10a.txt,12,580,5.91357,9
data_paral,mapb10_10a.txt,12,580,5.94494,10
data_paral,mapb10_10a.txt,12,580,5.97664,11
data_paral,mapb10_10a.txt,12,580,5.92855,12
data_paral,mapb10_10a.txt,12,580,5.95091,13
data_paral,mapb10_10a.txt,16,580,5.40903,4
data_paral,mapb10_10a.txt,4,580,9.15502,13
data_paral,mapb10_10a.txt,16,580,5.46927,5
data_paral,mapb10_10a.txt,16,580,5.49584,7
data_paral,mapb10_10a.txt,16,580,5.46562,8
data_paral,mapb10_10a.txt,16,580,5.45225,9
data_paral,mapb10_10a.txt,16,580,5.74047,10
data_paral,mapb10_10a.txt,16,580,5.45244,11
data_paral,mapb10_10a.txt,16,580,5.42127,12
data_paral,mapb10_10a.txt,16,580,5.49465,13
data_paral,mapb10_10a.txt,32,580,5.22008,4
data_paral,mapb10_10a.txt,32,580,5.35721,5
data_paral,mapb10_10a.txt,32,580,5.2468,6
data_paral,mapb10_10a.txt,32,580,5.21752,7
data_paral,mapb10_10a.txt,16,580,5.44138,6
data_paral,mapb10_10a.txt,4,580,9.10797,12
data_paral,mapb10_10a.txt,4,580,9.25715,11
data_paral,mapb10_10a.txt,4,580,9.10934,10
data_paral,mapb10_10a.txt,1,580,12.8084,5
data_paral,mapb10_10a.txt,1,580,12.7762,6
data_paral,mapb10_10a.txt,1,580,12.7891,7
data_paral,mapb10_10a.txt,1,580,12.8154,8
data_paral,mapb10_10a.txt,1,580,12.7977,9
data_paral,mapb10_10a.txt,1,580,12.8118,10
data_paral,mapb10_10a.txt,1,580,12.7984,11
data_paral,mapb10_10a.txt,1,580,12.8053,12
data_paral,mapb10_10a.txt,1,580,12.7744,13
data_paral,mapb10_10a.txt,2,580,10.7275,4
data_paral,mapb10_10a.txt,2,580,10.5696,5
data_paral,mapb10_10a.txt,2,580,10.6457,6
data_paral,mapb10_10a.txt,2,580,10.5186,7
data_paral,mapb10_10a.txt,2,580,10.4843,8
data_paral,mapb10_10a.txt,2,580,10.563,9
data_paral,mapb10_10a.txt,2,580,10.6741,10
data_paral,mapb10_10a.txt,2,580,10.6786,11
data_paral,mapb10_10a.txt,2,580,10.6037,12
data_paral,mapb10_10a.txt,2,580,10.5417,13
data_paral,mapb10_10a.txt,4,580,9.1811,4
data_paral,mapb10_10a.txt,4,580,9.1666,5
data_paral,mapb10_10a.txt,4,580,9.09015,6
data_paral,mapb10_10a.txt,4,580,9.16358,7
data_paral,mapb10_10a.txt,4,580,9.04748,8
data_paral,mapb10_10a.txt,4,580,9.07173,9
data_paral,mapb10_10a.txt,32,580,5.32716,8
data_paral,mapb8_8a.txt,16,490,0.00571226,6
data_paral,mapb10_10a.txt,32,580,5.2103,9
data_paral,mapb10_10a.txt,32,580,5.20401,11
data_paral,mapb8_8a.txt,2,490,0.00445645,11
data_paral,mapb8_8a.txt,2,490,0.004514,12
data_paral,mapb8_8a.txt,2,490,0.00454664,13
data_paral,mapb8_8a.txt,4,490,0.00374348,4
data_paral,mapb8_8a.txt,4,490,0.00358216,5
data_paral,mapb8_8a.txt,4,490,0.00357303,6
data_paral,mapb8_8a.txt,4,490,0.00370755,7
data_paral,mapb8_8a.txt,4,490,0.00369032,8
data_paral,mapb8_8a.txt,4,490,0.00355314,9
data_paral,mapb8_8a.txt,4,490,0.00376627,10
data_paral,mapb8_8a.txt,4,490,0.00360271,11
data_paral,mapb8_8a.txt,2,490,0.00446993,10
data_paral,mapb8_8a.txt,4,490,0.00378001,12
data_paral,mapb8_8a.txt,12,490,0.00482721,4
data_paral,mapb8_8a.txt,12,490,0.00493256,5
data_paral,mapb8_8a.txt,12,490,0.00492715,6
data_paral,mapb8_8a.txt,12,490,0.0047459,7
data_paral,mapb8_8a.txt,12,490,0.00494024,8
data_paral,mapb8_8a.txt,12,490,0.00502552,9
data_paral,mapb8_8a.txt,12,490,0.00489392,10
data_paral,mapb8_8a.txt,12,490,0.00494276,11
data_paral,mapb8_8a.txt,12,490,0.00497669,12
data_paral,mapb8_8a.txt,12,490,0.00479874,13
data_paral,mapb8_8a.txt,16,490,0.00546107,4
data_paral,mapb8_8a.txt,4,490,0.00378366,13
data_paral,mapb8_8a.txt,2,490,0.00444481,9
data_paral,mapb8_8a.txt,2,490,0.00445867,8
data_paral,mapb8_8a.txt,2,490,0.00444241,7
data_paral,mapb10_10a.txt,32,580,5.20593,12
data_paral,mapb10_10a.txt,32,580,5.1975,13
data_paral,mapb10_10a.txt,48,580,5.09507,4
data_paral,mapb10_10a.txt,48,580,4.9833,5
data_paral,mapb10_10a.txt,48,580,4.93291,6
data_paral,mapb10_10a.txt,48,580,4.93679,7
data_paral,mapb10_10a.txt,48,580,4.9824,8
data_paral,mapb10_10a.txt,48,580,5.09706,9
data_paral,mapb10_10a.txt,48,580,4.93901,10
data_paral,mapb10_10a.txt,48,580,4.94721,11
data_paral,mapb10_10a.txt,48,580,4.99518,12
data_paral,mapb10_10a.txt,48,580,5.10572,13
data_paral,mapb8_8a.txt,1,490,0.00376929,4
data_paral,mapb8_8a.txt,1,490,0.00378167,5
data_paral,mapb8_8a.txt,1,490,0.00383986,6
data_paral,mapb8_8a.txt,1,490,0.00377829,7
data_paral,mapb8_8a.txt,1,490,0.00378539,8
data_paral,mapb8_8a.txt,1,490,0.00392186,9
data_paral,mapb8_8a.txt,1,490,0.00379091,10
data_paral,mapb8_8a.txt,1,490,0.00378787,11
data_paral,mapb8_8a.txt,1,490,0.00377987,12
data_paral,mapb8_8a.txt,1,490,0.00380506,13
data_paral,mapb8_8a.txt,2,490,0.00449073,4
data_paral,mapb8_8a.txt,2,490,0.00454092,5
data_paral,mapb8_8a.txt,2,490,0.00448105,6
data_paral,mapb10_10a.txt,32,580,5.19219,10
data_paral,mapb10_10a.txt,1,580,12.8101,4
data_paral,mapb9_9a.txt,2,509,0.0679233,10
data_paral,mapb9_9a.txt,2,509,0.0681238,12
data_paral,mapb9_9a.txt,32,509,0.074166,11
data_paral,mapb9_9a.txt,32,509,0.072961,12
data_paral,mapb9_9a.txt,32,509,0.0741276,13
data_paral,mapb9_9a.txt,48,509,0.0725858,4
data_paral,mapb9_9a.txt,48,509,0.0736284,5
data_paral,mapb9_9a.txt,48,509,0.072397,6
data_paral,mapb9_9a.txt,48,509,0.074016,7
data_paral,mapb9_9a.txt,48,509,0.0718575,8
data_paral,mapb9_9a.txt,48,509,0.0946477,9
data_paral,mapb9_9a.txt,48,509,0.0739858,10
data_paral,mapb9_9a.txt,48,509,0.0734489,11
data_paral,mapb9_9a.txt,32,509,0.0739496,10
data_paral,mapb9_9a.txt,48,509,0.0720733,12
data_paral,mapb9_9b.txt,1,439,0.395019,4
data_paral,mapb9_9b.txt,1,439,0.395418,5
data_paral,mapb9_9b.txt,1,439,0.39593,6
data_paral,mapb9_9b.txt,1,439,0.39593,7
data_paral,mapb9_9b.txt,1,439,0.394571,8
data_paral,mapb9_9b.txt,1,439,0.395811,9
data_paral,mapb9_9b.txt,1,439,0.395096,10
data_paral,mapb9_9b.txt,1,439,0.395596,11
data_paral,mapb9_9b.txt,1,439,0.396726,12
data_paral,mapb9_9b.txt,1,439,0.394943,13
data_paral,mapb9_9b.txt,2,439,0.417095,4
data_paral,mapb9_9a.txt,48,509,0.0726956,13
data_paral,mapb9_9a.txt,32,509,0.0722875,9
data_paral,mapb9_9a.txt,32,509,0.0733419,8
data_paral,mapb9_9a.txt,32,509,0.0741459,7
data_paral,mapb9_9a.txt,4,509,0.0569824,12
data_paral,mapb9_9a.txt,4,509,0.0575527,13
data_paral,mapb9_9a.txt,12,509,0.0632607,4
data_paral,mapb9_9a.txt,12,509,0.0631672,5
data_paral,mapb9_9a.txt,12,509,0.0625759,6
data_paral,mapb9_9a.txt,12,509,0.0620787,7
data_paral,mapb9_9a.txt,12,509,0.0615243,8
data_paral,mapb9_9a.txt,12,509,0.0627237,9
data_paral,mapb9_9a.txt,12,509,0.061325,10
data_paral,mapb9_9a.txt,12,509,0.0622722,11
data_paral,mapb9_9a.txt,12,509,0.0630943,12
data_paral,mapb9_9a.txt,12,509,0.0630372,13
data_paral,mapb9_9a.txt,16,509,0.0680306,4
data_paral,mapb9_9a.txt,16,509,0.0671115,5
data_paral,mapb9_9a.txt,16,509,0.067602,6
data_paral,mapb9_9a.txt,16,509,0.0681003,7
data_paral,mapb9_9a.txt,16,509,0.0659988,8
data_paral,mapb9_9a.txt,16,509,0.0660466,9
data_paral,mapb9_9a.txt,16,509,0.0674204,10
data_paral,mapb9_9a.txt,16,509,0.0647991,11
data_paral,mapb9_9a.txt,16,509,0.0671993,12
data_paral,mapb9_9a.txt,16,509,0.0659721,13
data_paral,mapb9_9a.txt,32,509,0.0723919,4
data_paral,mapb9_9a.txt,32,509,0.0746569,5
data_paral,mapb9_9a.txt,32,509,0.0844632,6
data_paral,mapb9_9b.txt,2,439,0.422887,5
data_paral,mapb9_9a.txt,4,509,0.0576596,11
data_paral,mapb9_9b.txt,2,439,0.414227,6
data_paral,mapb9_9b.txt,2,439,0.415832,8
data_paral,mapb9_9b.txt,16,439,0.233099,8
data_paral,mapb9_9b.txt,16,439,0.233397,9
data_paral,mapb9_9b.txt,16,439,0.233245,10
data_paral,mapb9_9b.txt,16,439,0.23683,11
data_paral,mapb9_9b.txt,16,439,0.238697,12
data_paral,mapb9_9b.txt,16,439,0.2354,13
data_paral,mapb9_9b.txt,32,439,0.236373,4
data_paral,mapb9_9b.txt,32,439,0.233889,5
data_paral,mapb9_9b.txt,32,439,0.236087,6
data_paral,mapb9_9b.txt,32,439,0.232368,7
data_paral,mapb9_9b.txt,32,439,0.233266,8
data_paral,mapb9_9b.txt,16,439,0.232148,7
data_paral,mapb9_9b.txt,32,439,0.235562,9
data_paral,mapb9_9b.txt,32,439,0.233697,11
data_paral,mapb9_9b.txt,32,439,0.233178,12
data_paral,mapb9_9b.txt,32,439,0.23758,13
data_paral,mapb9_9b.txt,48,439,0.278503,4
data_paral,mapb9_9b.txt,48,439,0.240662,5
data_paral,mapb9_9b.txt,48,439,0.251704,6
data_paral,mapb9_9b.txt,48,439,0.239818,7
data_paral,mapb9_9b.txt,48,439,0.245285,8
data_paral,mapb9_9b.txt,48,439,0.238401,9
data_paral,mapb9_9b.txt,48,439,0.282059,10
data_paral,mapb9_9b.txt,48,439,0.237474,11
data_paral,mapb9_9b.txt,32,439,0.233816,10
data_paral,mapb9_9b.txt,16,439,0.233572,6
data_paral,mapb9_9b.txt,16,439,0.232478,5
data_paral,mapb9_9b.txt,16,439,0.238296,4
data_paral,mapb9_9b.txt,2,439,0.414264,9
data_paral,mapb9_9b.txt,2,439,0.414763,10
data_paral,mapb9_9b.txt,2,439,0.408579,11
data_paral,mapb9_9b.txt,2,439,0.418015,12
data_paral,mapb9_9b.txt,2,439,0.418496,13
data_paral,mapb9_9b.txt,4,439,0.348434,4
data_paral,mapb9_9b.txt,4,439,0.346487,5
data_paral,mapb9_9b.txt,4,439,0.343471,6
data_paral,mapb9_9b.txt,4,439,0.345341,7
data_paral,mapb9_9b.txt,4,439,0.344263,8
data_paral,mapb9_9b.txt,4,439,0.347784,9
data_paral,mapb9_9b.txt,4,439,0.34421,10
data_paral,mapb9_9b.txt,4,439,0.342781,11
data_paral,mapb9_9b.txt,4,439,0.345038,12
data_paral,mapb9_9b.txt,4,439,0.345095,13
data_paral,mapb9_9b.txt,12,439,0.237496,4
data_paral,mapb9_9b.txt,12,439,0.240869,5
data_paral,mapb9_9b.txt,12,439,0.241539,6
data_paral,mapb9_9b.txt,12,439,0.238389,7
data_paral,mapb9_9b.txt,12,439,0.239472,8
data_paral,mapb9_9b.txt,12,439,0.240184,9
data_paral,mapb9_9b.txt,12,439,0.240313,10
data_paral,mapb9_9b.txt,12,439,0.241572,11
data_paral,mapb9_9b.txt,12,439,0.240386,12
data_paral,mapb9_9b.txt,12,439,0.239563,13
data_paral,mapb9_9b.txt,2,439,0.410562,7
data_paral,mapb9_9a.txt,2,509,0.0688789,11
data_paral,mapb9_9a.txt,4,509,0.0569398,10
data_paral,mapb9_9a.txt,4,509,0.0578488,8
data_paral,mapb9_9a.txt,16,509,0.0660882,1
data_paral,mapb9_9a.txt,12,509,0.0600866,3
data_paral,mapb9_9a.txt,12,509,0.0617622,2
data_paral,mapb9_9a.txt,12,509,0.0619539,1
data_paral,mapb9_9a.txt,4,509,0.0569957,3
data_paral,mapb9_9a.txt,4,509,0.0577578,2
data_paral,mapb9_9a.txt,4,509,0.056762,1
data_paral,mapb9_9a.txt,2,509,0.0686135,3
data_paral,mapb9_9a.txt,2,509,0.0696941,2
data_paral,mapb9_9a.txt,2,509,0.0634579,1
data_paral,mapb9_9a.txt,1,509,0.0610533,3
data_paral,mapb9_9a.txt,16,509,0.0673012,2
data_paral,mapb9_9a.txt,1,509,0.0614596,2
data_paral,mapb8_8b.txt,48,490,0.00379513,3
data_paral,mapb8_8b.txt,48,490,0.00385615,2
data_paral,mapb8_8b.txt,48,490,0.00401566,1
data_paral,mapb8_8b.txt,32,490,0.00279037,3
data_paral,mapb8_8b.txt,32,490,0.00285694,2
data_paral,mapb8_8b.txt,32,490,0.00284895,1
data_paral,mapb8_8b.txt,16,490,0.00177995,3
data_paral,mapb8_8b.txt,16,490,0.00180661,2
data_paral,mapb8_8b.txt,16,490,0.00176875,1
data_paral,mapb8_8b.txt,12,490,0.00150399,3
data_paral,mapb8_8b.txt,12,490,0.00152194,2
data_paral,mapb9_9a.txt,1,509,0.0611056,1
data_paral,mapb9_9a.txt,16,509,0.0655843,3
data_paral,mapb9_9a.txt,32,509,0.0730677,1
data_paral,mapb9_9a.txt,32,509,0.0719725,2
data_paral,mapb9_9b.txt,48,439,0.277328,3
data_paral,mapb9_9b.txt,48,439,0.241667,2
data_paral,mapb9_9b.txt,48,439,0.239932,1
data_paral,mapb9_9b.txt,32,439,0.238003,3
data_paral,mapb9_9b.txt,32,439,0.2361,2
data_paral,mapb9_9b.txt,32,439,0.238532,1
data_paral,mapb9_9b.txt,16,439,0.231951,3
data_paral,mapb9_9b.txt,16,439,0.236102,2
data_paral,mapb9_9b.txt,16,439,0.231867,1
data_paral,mapb9_9b.txt,12,439,0.239893,3
data_paral,mapb9_9b.txt,12,439,0.237439,2
data_paral,mapb9_9b.txt,12,439,0.242211,1
data_paral,mapb9_9b.txt,4,439,0.344939,3
data_paral,mapb9_9b.txt,4,439,0.347546,2
data_paral,mapb9_9b.txt,4,439,0.342232,1
data_paral,mapb9_9b.txt,2,439,0.411466,3
data_paral,mapb9_9b.txt,2,439,0.378463,2
data_paral,mapb9_9b.txt,2,439,0.377265,1
data_paral,mapb9_9b.txt,1,439,0.396748,3
data_paral,mapb9_9b.txt,1,439,0.395587,2
data_paral,mapb9_9b.txt,1,439,0.394801,1
data_paral,mapb9_9a.txt,48,509,0.0726364,3
data_paral,mapb9_9a.txt,48,509,0.0734996,2
data_paral,mapb9_9a.txt,48,509,0.0914956,1
data_paral,mapb9_9a.txt,32,509,0.0745765,3
data_paral,mapb8_8b.txt,12,490,0.00148676,1
data_paral,mapb9_9a.txt,4,509,0.0575255,9
data_paral,mapb8_8b.txt,4,490,0.000894104,3
data_paral,mapb8_8b.txt,4,490,0.000971375,1
data_paral,mapb10_10a.txt,48,580,4.98125,1
data_paral,mapb10_10a.txt,32,580,5.20635,3
data_paral,mapb10_10a.txt,32,580,5.16076,2
data_paral,mapb10_10a.txt,32,580,5.2484,1
data_paral,mapb10_10a.txt,16,580,5.46511,3
data_paral,mapb10_10a.txt,16,580,5.42952,2
data_paral,mapb10_10a.txt,16,580,5.45729,1
data_paral,mapb10_10a.txt,12,580,5.98043,3
data_paral,mapb10_10a.txt,12,580,6.00411,2
data_paral,mapb10_10a.txt,12,580,5.96424,1
data_paral,mapb10_10a.txt,4,580,9.00558,3
data_paral,mapb10_10a.txt,48,580,5.36074,2
data_paral,mapb10_10a.txt,4,580,9.08294,2
data_paral,mapb10_10a.txt,2,580,10.6375,3
data_paral,mapb10_10a.txt,2,580,10.7493,2
data_paral,mapb10_10a.txt,2,580,10.4924,1
data_paral,mapb10_10a.txt,1,580,12.8277,3
data_paral,mapb10_10a.txt,1,580,12.8105,2
data_paral,mapb10_10a.txt,1,580,12.8087,1
data_paral,mapb9_9a.txt,2,509,0.0681478,13
data_paral,mapb9_9a.txt,4,509,0.0564619,4
data_paral,mapb9_9a.txt,4,509,0.0558907,5
data_paral,mapb9_9a.txt,4,509,0.0566817,6
data_paral,mapb9_9a.txt,4,509,0.0566866,7
data_paral,mapb10_10a.txt,4,580,9.00725,1
data_paral,mapb10_10a.txt,48,580,4.93156,3
data_paral,mapb8_8a.txt,1,490,0.00379172,1
data_paral,mapb8_8a.txt,1,490,0.00390482,2
data_paral,mapb8_8b.txt,2,490,0.000832354,3
data_paral,mapb8_8b.txt,2,490,0.000814884,2
data_paral,mapb8_8b.txt,2,490,0.000733194,1
data_paral,mapb8_8b.txt,1,490,0.000499493,3
data_paral,mapb8_8b.txt,1,490,0.000498042,2
data_paral,mapb8_8b.txt,1,490,0.000534042,1
data_paral,mapb8_8a.txt,48,490,0.00716088,3
data_paral,mapb8_8a.txt,48,490,0.0391843,2
data_paral,mapb8_8a.txt,48,490,0.00746017,1
data_paral,mapb8_8a.txt,32,490,0.00648861,3
data_paral,mapb8_8a.txt,32,490,0.00652844,2
data_paral,mapb8_8a.txt,32,490,0.00644769,1
data_paral,mapb8_8a.txt,16,490,0.0055036,3
data_paral,mapb8_8a.txt,16,490,0.00572211,2
data_paral,mapb8_8a.txt,16,490,0.00519059,1
data_paral,mapb8_8a.txt,12,490,0.00489605,3
data_paral,mapb8_8a.txt,12,490,0.00480852,2
data_paral,mapb8_8a.txt,12,490,0.00491475,1
data_paral,mapb8_8a.txt,4,490,0.00382403,3
data_paral,mapb8_8a.txt,4,490,0.00357401,2
data_paral,mapb8_8a.txt,4,490,0.00373362,1
data_paral,mapb8_8a.txt,2,490,0.00448475,3
data_paral,mapb8_8a.txt,2,490,0.00447595,2
data_paral,mapb8_8a.txt,2,490,0.00449006,1
data_paral,mapb8_8a.txt,1,490,0.00376225,3
data_paral,mapb8_8b.txt,4,490,0.000981935,2
data_paral,mapb9_9b.txt,48,439,0.238958,12
sequential,mapb10_10a.txt,1,580,11.6378,1
sequential,mapb10_10a.txt,1,580,11.6337,13
sequential,mapb10_10a.txt,1,580,11.6693,7
sequential,mapb10_10a.txt,1,580,11.6392,6
sequential,mapb10_10a.txt,1,580,11.6501,5
sequential,mapb10_10a.txt,1,580,11.6506,4
sequential,mapb9_9a.txt,1,509,0.0577645,6
sequential,mapb9_9a.txt,1,509,0.0585529,7
sequential,mapb9_9a.txt,1,509,0.0580157,8
sequential,mapb9_9a.txt,1,509,0.0578605,9
sequential,mapb9_9a.txt,1,509,0.0580019,10
sequential,mapb9_9a.txt,1,509,0.0579023,11
sequential,mapb9_9a.txt,1,509,0.0578548,12
sequential,mapb9_9a.txt,1,509,0.05779,13
sequential,mapb9_9b.txt,1,439,0.374292,4
sequential,mapb9_9b.txt,1,439,0.372752,5
sequential,mapb9_9b.txt,1,439,0.372408,6
sequential,mapb9_9b.txt,1,439,0.373357,7
sequential,mapb9_9b.txt,1,439,0.373825,8
sequential,mapb9_9b.txt,1,439,0.374227,9
sequential,mapb9_9b.txt,1,439,0.372745,10
sequential,mapb9_9b.txt,1,439,0.372527,11
sequential,mapb9_9b.txt,1,439,0.373068,12
sequential,mapb10_10a.txt,1,580,11.6702,8
sequential,mapb9_9b.txt,1,439,0.375061,13
sequential,mapb10_10a.txt,1,580,11.6347,9
sequential,mapb10_10a.txt,1,580,11.6327,11
sequential,mapb8_8b.txt,1,490,0.000439363,12
sequential,mapb8_8b.txt,1,490,0.000440122,11
sequential,mapb8_8b.txt,1,490,0.000436422,10
sequential,mapb8_8b.txt,1,490,0.000436702,9
sequential,mapb8_8b.txt,1,490,0.000445153,8
sequential,mapb8_8b.txt,1,490,0.000435832,7
sequential,mapb8_8b.txt,1,490,0.000436043,6
sequential,mapb8_8b.txt,1,490,0.000445733,5
sequential,mapb8_8b.txt,1,490,0.000461533,4
sequential,mapb8_8a.txt,1,490,0.00345098,13
sequential,mapb8_8a.txt,1,490,0.00346866,12
sequential,mapb8_8a.txt,1,490,0.00348548,11
sequential,mapb8_8a.txt,1,490,0.00352386,10
sequential,mapb8_8a.txt,1,490,0.0034581,9
sequential,mapb8_8a.txt,1,490,0.00345597,8
sequential,mapb8_8a.txt,1,490,0.00348736,7
sequential,mapb8_8a.txt,1,490,0.00348404,6
sequential,mapb8_8a.txt,1,490,0.00345552,5
sequential,mapb8_8a.txt,1,490,0.00350084,4
sequential,mapb9_9a.txt,1,509,0.0582231,5
sequential,mapb10_10a.txt,1,580,11.6633,12
sequential,mapb10_10a.txt,1,580,11.6657,10
sequential,mapb8_8b.txt,1,490,0.000436142,13
sequential,mapb9_9a.txt,1,509,0.0576814,4
sequential,mapb9_9a.txt,1,509,0.0578183,2
sequential,mapb9_9b.txt,1,439,0.37235,3
sequential,mapb9_9b.txt,1,439,0.378022,2
sequential,mapb9_9b.txt,1,439,0.373317,1
sequential,mapb9_9a.txt,1,509,0.0584209,3
sequential,mapb9_9a.txt,1,509,0.057919,1
sequential,mapb8_8b.txt,1,490,0.000437102,2
sequential,mapb8_8b.txt,1,490,0.000436172,3
sequential,mapb8_8a.txt,1,490,0.00348214,3
sequential,mapb8_8a.txt,1,490,0.0034795,2
sequential,mapb8_8a.txt,1,490,0.00354067,1
sequential,mapb10_10a.txt,1,580,11.6888,3
sequential,mapb10_10a.txt,1,580,11.6601,2
sequential,mapb8_8b.txt,1,490,0.000436742,1
task_paral,mapb10_10a.txt,48,580,7.11519,8
task_paral,mapb10_10a.txt,48,580,7.35672,7
task_paral,mapb10_10a.txt,48,580,6.92448,9
task_paral,mapb10_10a.txt,32,580,6.24297,5
task_paral,mapb10_10a.txt,48,580,7.38568,11
task_paral,mapb10_10a.txt,48,580,7.07144,6
task_paral,mapb10_10a.txt,48,580,6.94315,10
task_paral,mapb10_10a.txt,48,580,6.93534,5
task_paral,mapb10_10a.txt,32,580,7.5004,8
task_paral,mapb10_10a.txt,32,580,6.40898,13
task_paral,mapb10_10a.txt,32,580,7.07218,12
task_paral,mapb10_10a.txt,32,580,6.59846,11
task_paral,mapb10_10a.txt,32,580,6.47952,10
task_paral,mapb10_10a.txt,32,580,6.53621,9
task_paral,mapb10_10a.txt,48,580,6.86683,12
task_paral,mapb10_10a.txt,48,580,7.23715,4
task_paral,mapb10_10a.txt,48,580,6.9646,13
task_paral,mapb8_8a.txt,1,490,0.00406716,11
task_paral,mapb8_8a.txt,1,490,0.00404997,5
task_paral,mapb8_8a.txt,2,490,0.00650345,10
task_paral,mapb8_8a.txt,2,490,0.00644821,9
task_paral,mapb8_8a.txt,2,490,0.00630488,8
task_paral,mapb8_8a.txt,2,490,0.00652575,7
task_paral,mapb8_8a.txt,2,490,0.0060204,6
task_paral,mapb8_8a.txt,2,490,0.0065113,5
task_paral,mapb8_8a.txt,2,490,0.00606058,4
task_paral,mapb8_8a.txt,1,490,0.00409333,13
task_paral,mapb8_8a.txt,1,490,0.00411247,12
task_paral,mapb10_10a.txt,1,580,13.3179,4
task_paral,mapb8_8a.txt,1,490,0.00407949,10
task_paral,mapb8_8a.txt,1,490,0.00405258,9
task_paral,mapb8_8a.txt,1,490,0.00408371,8
task_paral,mapb8_8a.txt,1,490,0.00407836,7
task_paral,mapb8_8a.txt,1,490,0.00406133,6
task_paral,mapb8_8a.txt,1,490,0.0040796,4
task_paral,mapb10_10a.txt,32,580,6.70404,6
task_paral,mapb10_10a.txt,1,580,13.3279,5
task_paral,mapb10_10a.txt,1,580,13.3527,7
task_paral,mapb10_10a.txt,12,580,5.61353,4
task_paral,mapb10_10a.txt,12,580,5.89025,5
task_paral,mapb10_10a.txt,12,580,6.38562,6
task_paral,mapb10_10a.txt,12,580,5.55756,7
task_paral,mapb10_10a.txt,12,580,6.38095,8
task_paral,mapb10_10a.txt,12,580,6.28593,9
task_paral,mapb10_10a.txt,12,580,5.00959,10
task_paral,mapb10_10a.txt,12,580,6.41831,11
task_paral,mapb10_10a.txt,12,580,6.40785,12
task_paral,mapb10_10a.txt,12,580,6.57051,13
task_paral,mapb10_10a.txt,16,580,6.15803,4
task_paral,mapb10_10a.txt,16,580,5.2698,5
task_paral,mapb10_10a.txt,16,580,5.79313,6
task_paral,mapb10_10a.txt,16,580,5.88313,7
task_paral,mapb10_10a.txt,16,580,6.50931,8
task_paral,mapb10_10a.txt,16,580,5.77302,9
task_paral,mapb10_10a.txt,16,580,5.98022,10
task_paral,mapb10_10a.txt,16,580,6.29441,11
task_paral,mapb10_10a.txt,16,580,6.27615,12
task_paral,mapb10_10a.txt,16,580,6.78573,13
task_paral,mapb10_10a.txt,32,580,6.49358,4
task_paral,mapb10_10a.txt,4,580,6.14423,13
task_paral,mapb10_10a.txt,4,580,6.42104,12
task_paral,mapb10_10a.txt,4,580,6.36728,11
task_paral,mapb10_10a.txt,32,580,6.5154,7
task_paral,mapb10_10a.txt,1,580,13.3776,8
task_paral,mapb10_10a.txt,1,580,13.3266,9
task_paral,mapb10_10a.txt,1,580,13.3492,10
task_paral,mapb10_10a.txt,1,580,13.3249,11
task_paral,mapb10_10a.txt,1,580,13.325,12
task_paral,mapb10_10a.txt,1,580,13.327,13
task_paral,mapb10_10a.txt,2,580,6.90956,4
task_paral,mapb10_10a.txt,2,580,6.78792,5
task_paral,mapb10_10a.txt,2,580,6.82407,6
task_paral,mapb10_10a.txt,2,580,6.83714,7
task_paral,mapb10_10a.txt,1,580,13.3841,6
task_paral,mapb10_10a.txt,2,580,6.73704,8
task_paral,mapb10_10a.txt,2,580,6.26835,10
task_paral,mapb10_10a.txt,2,580,6.75699,11
task_paral,mapb10_10a.txt,2,580,6.19106,12
task_paral,mapb10_10a.txt,2,580,6.73398,13
task_paral,mapb10_10a.txt,4,580,6.10291,4
task_paral,mapb10_10a.txt,4,580,6.40995,5
task_paral,mapb10_10a.txt,4,580,6.46454,6
task_paral,mapb10_10a.txt,4,580,6.42952,7
task_paral,mapb10_10a.txt,4,580,6.33269,8
task_paral,mapb10_10a.txt,4,580,6.31541,9
task_paral,mapb10_10a.txt,2,580,6.50234,9
task_paral,mapb10_10a.txt,4,580,6.09284,10
task_paral,mapb8_8b.txt,16,490,0.00181006,5
task_paral,mapb9_9b.txt,48,439,0.396235,3
task_paral,mapb8_8a.txt,4,490,0.00435833,1
task_paral,mapb8_8a.txt,4,490,0.00417977,2
task_paral,mapb8_8a.txt,4,490,0.00438525,3
task_paral,mapb8_8a.txt,12,490,0.00515241,1
task_paral,mapb8_8a.txt,12,490,0.00497649,2
task_paral,mapb8_8a.txt,12,490,0.00492399,3
task_paral,mapb8_8a.txt,16,490,0.005368,1
task_paral,mapb8_8a.txt,16,490,0.0053141,2
task_paral,mapb8_8a.txt,16,490,0.00486688,3
task_paral,mapb8_8a.txt,32,490,0.00633347,1
task_paral,mapb8_8a.txt,32,490,0.00648454,2
task_paral,mapb8_8a.txt,32,490,0.00680168,3
task_paral,mapb8_8a.txt,48,490,0.00781418,1
task_paral,mapb8_8a.txt,48,490,0.00728014,2
task_paral,mapb8_8a.txt,48,490,0.0392845,3
task_paral,mapb8_8b.txt,1,490,0.000551863,1
task_paral,mapb8_8b.txt,1,490,0.000554633,2
task_paral,mapb8_8b.txt,1,490,0.000548073,3
task_paral,mapb8_8b.txt,2,490,0.000859314,1
task_paral,mapb8_8b.txt,2,490,0.000868424,2
task_paral,mapb8_8b.txt,2,490,0.000853224,3
task_paral,mapb8_8b.txt,4,490,0.00100508,1
task_paral,mapb8_8b.txt,4,490,0.000992575,2
task_paral,mapb8_8a.txt,2,490,0.00652724,3
task_paral,mapb8_8b.txt,4,490,0.00100643,3
task_paral,mapb8_8a.txt,2,490,0.00658543,2
task_paral,mapb8_8a.txt,1,490,0.00406411,3
task_paral,mapb10_10a.txt,1,580,13.324,1
task_paral,mapb10_10a.txt,1,580,13.3395,2
task_paral,mapb10_10a.txt,1,580,13.3463,3
task_paral,mapb10_10a.txt,2,580,6.9256,1
task_paral,mapb10_10a.txt,2,580,6.25087,2
task_paral,mapb10_10a.txt,2,580,6.61617,3
task_paral,mapb10_10a.txt,4,580,6.30606,1
task_paral,mapb10_10a.txt,4,580,6.38057,2
task_paral,mapb10_10a.txt,4,580,6.17365,3
task_paral,mapb10_10a.txt,12,580,6.28083,1
task_paral,mapb10_10a.txt,12,580,6.55662,2
task_paral,mapb10_10a.txt,12,580,5.6723,3
task_paral,mapb10_10a.txt,16,580,6.28528,1
task_paral,mapb10_10a.txt,16,580,6.70434,2
task_paral,mapb10_10a.txt,16,580,5.42912,3
task_paral,mapb10_10a.txt,32,580,6.52497,1
task_paral,mapb10_10a.txt,32,580,6.8719,2
task_paral,mapb10_10a.txt,32,580,6.29595,3
task_paral,mapb10_10a.txt,48,580,6.81778,1
task_paral,mapb10_10a.txt,48,580,7.19292,2
task_paral,mapb10_10a.txt,48,580,7.29746,3
task_paral,mapb8_8a.txt,1,490,0.00405725,1
task_paral,mapb8_8a.txt,1,490,0.00405357,2
task_paral,mapb8_8a.txt,2,490,0.00592503,1
task_paral,mapb8_8a.txt,2,490,0.00669925,11
task_paral,mapb8_8b.txt,12,490,0.00158647,1
task_paral,mapb8_8b.txt,12,490,0.00157839,3
task_paral,mapb9_9a.txt,48,509,0.0653613,1
task_paral,mapb9_9a.txt,48,509,0.0671552,2
task_paral,mapb9_9a.txt,48,509,0.0651979,3
task_paral,mapb9_9b.txt,1,439,0.414843,1
task_paral,mapb9_9b.txt,1,439,0.414876,2
task_paral,mapb9_9b.txt,1,439,0.416168,3
task_paral,mapb9_9b.txt,2,439,0.453206,1
task_paral,mapb9_9b.txt,2,439,0.451501,2
task_paral,mapb9_9b.txt,2,439,0.449995,3
task_paral,mapb9_9b.txt,4,439,0.303227,1
task_paral,mapb9_9b.txt,4,439,0.304361,2
task_paral,mapb9_9b.txt,4,439,0.305941,3
task_paral,mapb9_9b.txt,12,439,0.315898,1
task_paral,mapb9_9b.txt,12,439,0.309158,2
task_paral,mapb9_9b.txt,12,439,0.314394,3
task_paral,mapb9_9b.txt,16,439,0.304066,1
task_paral,mapb9_9b.txt,16,439,0.322624,2
task_paral,mapb9_9b.txt,16,439,0.316912,3
task_paral,mapb9_9b.txt,32,439,0.333418,1
task_paral,mapb9_9b.txt,32,439,0.361534,2
task_paral,mapb9_9b.txt,32,439,0.360464,3
task_paral,mapb9_9b.txt,48,439,0.349189,1
task_paral,mapb9_9b.txt,48,439,0.39073,2
task_paral,mapb9_9a.txt,32,509,0.0649886,3
task_paral,mapb8_8b.txt,12,490,0.00158873,2
task_paral,mapb9_9a.txt,32,509,0.0652758,2
task_paral,mapb9_9a.txt,16,509,0.06748,3
task_paral,mapb8_8b.txt,16,490,0.0017767,1
task_paral,mapb8_8b.txt,16,490,0.00184865,2
task_paral,mapb8_8b.txt,16,490,0.00179633,3
task_paral,mapb8_8b.txt,32,490,0.00282909,1
task_paral,mapb8_8b.txt,32,490,0.00301863,2
task_paral,mapb8_8b.txt,32,490,0.00300098,3
task_paral,mapb8_8b.txt,48,490,0.0215395,1
task_paral,mapb8_8b.txt,48,490,0.00397927,2
task_paral,mapb8_8b.txt,48,490,0.00391189,3
task_paral,mapb9_9a.txt,1,509,0.0647753,1
task_paral,mapb9_9a.txt,1,509,0.0647184,2
task_paral,mapb9_9a.txt,1,509,0.0644848,3
task_paral,mapb9_9a.txt,2,509,0.0960005,1
task_paral,mapb9_9a.txt,2,509,0.0945035,2
task_paral,mapb9_9a.txt,2,509,0.0962136,3
task_paral,mapb9_9a.txt,4,509,0.0612079,1
task_paral,mapb9_9a.txt,4,509,0.0625545,2
task_paral,mapb9_9a.txt,4,509,0.06103,3
task_paral,mapb9_9a.txt,12,509,0.0698834,1
task_paral,mapb9_9a.txt,12,509,0.0653223,2
task_paral,mapb9_9a.txt,12,509,0.0705935,3
task_paral,mapb9_9a.txt,16,509,0.0671742,1
task_paral,mapb9_9a.txt,16,509,0.0687973,2
task_paral,mapb9_9a.txt,32,509,0.0700636,1
task_paral,mapb8_8b.txt,16,490,0.00189714,4
task_paral,mapb8_8a.txt,2,490,0.0067753,12
task_paral,mapb8_8a.txt,4,490,0.00428153,4
task_paral,mapb9_9a.txt,48,509,0.072314,8
task_paral,mapb9_9a.txt,48,509,0.0717702,7
task_paral,mapb9_9a.txt,48,509,0.0669617,6
task_paral,mapb9_9a.txt,48,509,0.0711677,5
task_paral,mapb9_9a.txt,48,509,0.104735,4
task_paral,mapb9_9a.txt,32,509,0.0698221,13
task_paral,mapb9_9a.txt,32,509,0.0677642,12
task_paral,mapb9_9a.txt,32,509,0.0673507,11
task_paral,mapb9_9a.txt,32,509,0.0659574,10
task_paral,mapb9_9a.txt,32,509,0.0697428,9
task_paral,mapb9_9a.txt,32,509,0.0667892,8
task_paral,mapb9_9a.txt,32,509,0.0664225,7
task_paral,mapb9_9a.txt,32,509,0.0681927,6
task_paral,mapb9_9a.txt,48,509,0.0723751,9
task_paral,mapb9_9a.txt,32,509,0.0689661,5
task_paral,mapb9_9a.txt,16,509,0.0687374,13
task_paral,mapb9_9a.txt,16,509,0.0686852,12
task_paral,mapb9_9a.txt,16,509,0.0698131,11
task_paral,mapb9_9a.txt,16,509,0.0659947,10
task_paral,mapb9_9a.txt,16,509,0.0696704,9
task_paral,mapb9_9a.txt,16,509,0.069083,8
task_paral,mapb9_9a.txt,16,509,0.0713066,7
task_paral,mapb9_9a.txt,16,509,0.0705544,6
task_paral,mapb9_9a.txt,16,509,0.0674132,5
task_paral,mapb9_9a.txt,16,509,0.0711771,4
task_paral,mapb9_9a.txt,12,509,0.0683731,13
task_paral,mapb9_9a.txt,12,509,0.069118,12
task_paral,mapb9_9a.txt,12,509,0.0675669,11
task_paral,mapb9_9a.txt,32,509,0.0691652,4
task_paral,mapb9_9a.txt,48,509,0.0739826,10
task_paral,mapb9_9a.txt,48,509,0.0680871,11
task_paral,mapb9_9a.txt,48,509,0.0732506,12
task_paral,mapb9_9b.txt,4,439,0.300997,11
task_paral,mapb9_9b.txt,4,439,0.305522,10
task_paral,mapb9_9b.txt,4,439,0.381389,9
task_paral,mapb9_9b.txt,4,439,0.442151,8
task_paral,mapb9_9b.txt,4,439,0.386342,7
task_paral,mapb9_9b.txt,4,439,0.307008,6
task_paral,mapb9_9b.txt,4,439,0.307678,5
task_paral,mapb9_9b.txt,4,439,0.388973,4
task_paral,mapb9_9b.txt,2,439,0.436278,13
task_paral,mapb9_9b.txt,2,439,0.467316,12
task_paral,mapb9_9b.txt,2,439,0.446608,11
task_paral,mapb9_9b.txt,2,439,0.45348,10
task_paral,mapb9_9b.txt,2,439,0.448972,9
task_paral,mapb9_9b.txt,2,439,0.459988,8
task_paral,mapb9_9b.txt,2,439,0.461641,7
task_paral,mapb9_9b.txt,2,439,0.457632,6
task_paral,mapb9_9b.txt,2,439,0.41811,5
task_paral,mapb9_9b.txt,2,439,0.462908,4
task_paral,mapb9_9b.txt,1,439,0.413908,13
task_paral,mapb9_9b.txt,1,439,0.412298,12
task_paral,mapb9_9b.txt,1,439,0.414023,11
task_paral,mapb9_9b.txt,1,439,0.414142,10
task_paral,mapb9_9b.txt,1,439,0.412159,9
task_paral,mapb9_9b.txt,1,439,0.413744,8
task_paral,mapb9_9b.txt,1,439,0.413694,7
task_paral,mapb9_9b.txt,1,439,0.414305,6
task_paral,mapb9_9b.txt,1,439,0.413659,5
task_paral,mapb9_9b.txt,1,439,0.413953,4
task_paral,mapb9_9a.txt,48,509,0.0720999,13
task_paral,mapb9_9a.txt,12,509,0.0676136,10
task_paral,mapb9_9b.txt,4,439,0.305788,12
task_paral,mapb9_9a.txt,12,509,0.0671823,9
task_paral,mapb9_9a.txt,12,509,0.067758,7
task_paral,mapb8_8b.txt,48,490,0.0039194,13
task_paral,mapb8_8b.txt,48,490,0.00409798,12
task_paral,mapb8_8b.txt,48,490,0.00412625,11
task_paral,mapb8_8b.txt,48,490,0.00381353,10
task_paral,mapb8_8b.txt,48,490,0.00402222,9
task_paral,mapb8_8b.txt,48,490,0.00387449,8
task_paral,mapb8_8b.txt,48,490,0.0040943,7
task_paral,mapb8_8b.txt,48,490,0.0039047,6
task_paral,mapb8_8b.txt,48,490,0.00400887,5
task_paral,mapb8_8b.txt,48,490,0.0334665,4
task_paral,mapb8_8b.txt,32,490,0.00289421,13
task_paral,mapb8_8b.txt,32,490,0.00290243,12
task_paral,mapb8_8b.txt,32,490,0.00301987,11
task_paral,mapb9_9a.txt,1,509,0.06454,4
task_paral,mapb8_8b.txt,32,490,0.00285158,10
task_paral,mapb8_8b.txt,32,490,0.002936,8
task_paral,mapb8_8b.txt,32,490,0.00286608,7
task_paral,mapb8_8b.txt,32,490,0.00282477,6
task_paral,mapb8_8b.txt,32,490,0.00285962,5
task_paral,mapb8_8b.txt,32,490,0.00296518,4
task_paral,mapb8_8b.txt,16,490,0.00188222,13
task_paral,mapb8_8b.txt,16,490,0.00180082,12
task_paral,mapb8_8b.txt,16,490,0.00177586,11
task_paral,mapb8_8b.txt,16,490,0.00186305,10
task_paral,mapb8_8b.txt,16,490,0.00183419,9
task_paral,mapb8_8b.txt,16,490,0.00185699,8
task_paral,mapb8_8b.txt,16,490,0.00181107,7
task_paral,mapb8_8b.txt,16,490,0.00186131,6
task_paral,mapb8_8b.txt,32,490,0.00290209,9
task_paral,mapb9_9a.txt,1,509,0.0645992,5
task_paral,mapb8_8b.txt,12,490,0.0015805,13
task_paral,mapb9_9a.txt,1,509,0.0647669,7
task_paral,mapb9_9a.txt,12,509,0.069805,6
task_paral,mapb9_9a.txt,12,509,0.0681554,5
task_paral,mapb9_9a.txt,12,509,0.0684722,4
task_paral,mapb9_9a.txt,4,509,0.0628948,13
task_paral,mapb9_9a.txt,4,509,0.0637012,12
task_paral,mapb9_9a.txt,4,509,0.0619709,11
task_paral,mapb9_9a.txt,4,509,0.0633936,10
task_paral,mapb9_9a.txt,4,509,0.0609077,9
task_paral,mapb9_9a.txt,4,509,0.0629669,8
task_paral,mapb9_9a.txt,4,509,0.0627975,7
task_paral,mapb9_9a.txt,4,509,0.0616253,6
task_paral,mapb9_9a.txt,4,509,0.0631034,5
task_paral,mapb9_9a.txt,4,509,0.062658,4
task_paral,mapb9_9a.txt,2,509,0.0988162,13
task_paral,mapb9_9a.txt,2,509,0.0949388,12
task_paral,mapb9_9a.txt,2,509,0.0948788,11
task_paral,mapb9_9a.txt,2,509,0.0951563,10
task_paral,mapb9_9a.txt,2,509,0.0990248,9
task_paral,mapb9_9a.txt,2,509,0.103273,8
task_paral,mapb9_9a.txt,2,509,0.095271,7
task_paral,mapb9_9a.txt,2,509,0.100941,6
task_paral,mapb9_9a.txt,2,509,0.0966352,5
task_paral,mapb9_9a.txt,2,509,0.0950449,4
task_paral,mapb9_9a.txt,1,509,0.0644973,13
task_paral,mapb9_9a.txt,1,509,0.0645569,12
task_paral,mapb9_9a.txt,1,509,0.0650802,11
task_paral,mapb9_9a.txt,1,509,0.0641996,10
task_paral,mapb9_9a.txt,1,509,0.0645626,9
task_paral,mapb9_9a.txt,1,509,0.0646456,8
task_paral,mapb9_9a.txt,12,509,0.0671969,8
task_paral,mapb8_8a.txt,2,490,0.00684714,13
task_paral,mapb9_9b.txt,4,439,0.395156,13
task_paral,mapb9_9b.txt,12,439,0.313798,5
task_paral,mapb8_8a.txt,32,490,0.00624098,8
task_paral,mapb8_8a.txt,32,490,0.00662436,9
task_paral,mapb8_8a.txt,32,490,0.00693361,10
task_paral,mapb8_8a.txt,32,490,0.00629776,11
task_paral,mapb8_8a.txt,32,490,0.00650701,12
task_paral,mapb8_8a.txt,32,490,0.00652466,13
task_paral,mapb8_8a.txt,48,490,0.00779095,4
task_paral,mapb8_8a.txt,48,490,0.0285298,5
task_paral,mapb8_8a.txt,48,490,0.0078057,6
task_paral,mapb8_8a.txt,48,490,0.00761296,7
task_paral,mapb8_8a.txt,48,490,0.00768624,8
task_paral,mapb8_8a.txt,48,490,0.00746084,9
task_paral,mapb8_8a.txt,48,490,0.00791582,10
task_paral,mapb8_8a.txt,32,490,0.00632004,7
task_paral,mapb8_8a.txt,48,490,0.00761026,11
task_paral,mapb8_8a.txt,48,490,0.00730627,13
task_paral,mapb8_8b.txt,1,490,0.000548733,4
task_paral,mapb8_8b.txt,1,490,0.000543783,5
task_paral,mapb8_8b.txt,1,490,0.000550023,6
task_paral,mapb8_8b.txt,1,490,0.000548203,7
task_paral,mapb8_8b.txt,1,490,0.000546252,8
task_paral,mapb8_8b.txt,1,490,0.000544663,9
task_paral,mapb8_8b.txt,1,490,0.000549452,10
task_paral,mapb8_8b.txt,1,490,0.000543263,11
task_paral,mapb8_8b.txt,1,490,0.000548362,12
task_paral,mapb8_8b.txt,1,490,0.000549152,13
task_paral,mapb8_8b.txt,2,490,0.000780084,4
task_paral,mapb8_8b.txt,2,490,0.000848064,5
task_paral,mapb8_8a.txt,48,490,0.00765958,12
task_paral,mapb8_8a.txt,32,490,0.00634935,6
task_paral,mapb8_8a.txt,32,490,0.00645831,5
task_paral,mapb8_8a.txt,32,490,0.00650419,4
task_paral,mapb8_8a.txt,4,490,0.00419332,5
task_paral,mapb8_8a.txt,4,490,0.00396666,6
task_paral,mapb8_8a.txt,4,490,0.00409674,7
task_paral,mapb8_8a.txt,4,490,0.00418341,8
task_paral,mapb8_8a.txt,4,490,0.00450652,9
task_paral,mapb8_8a.txt,4,490,0.00416887,10
task_paral,mapb8_8a.txt,4,490,0.00401908,11
task_paral,mapb8_8a.txt,4,490,0.00420055,12
task_paral,mapb8_8a.txt,4,490,0.00429227,13
task_paral,mapb8_8a.txt,12,490,0.00496576,4
task_paral,mapb8_8a.txt,12,490,0.00509792,5
task_paral,mapb8_8a.txt,12,490,0.00517176,6
task_paral,mapb8_8a.txt,12,490,0.00534422,7
task_paral,mapb8_8a.txt,12,490,0.00538801,8
task_paral,mapb8_8a.txt,12,490,0.00508663,9
task_paral,mapb8_8a.txt,12,490,0.00522027,10
task_paral,mapb8_8a.txt,12,490,0.00501524,11
task_paral,mapb8_8a.txt,12,490,0.00555057,12
task_paral,mapb8_8a.txt,12,490,0.00544132,13
task_paral,mapb8_8a.txt,16,490,0.00502648,4
task_paral,mapb8_8a.txt,16,490,0.00566211,5
task_paral,mapb8_8a.txt,16,490,0.00565835,6
task_paral,mapb8_8a.txt,16,490,0.00529305,7
task_paral,mapb8_8a.txt,16,490,0.00512436,8
task_paral,mapb8_8a.txt,16,490,0.00533437,9
task_paral,mapb8_8a.txt,16,490,0.00518789,10
task_paral,mapb8_8a.txt,16,490,0.00566843,11
task_paral,mapb8_8a.txt,16,490,0.00527604,12
task_paral,mapb8_8a.txt,16,490,0.00538332,13
task_paral,mapb8_8b.txt,2,490,0.000868494,6
task_paral,mapb9_9b.txt,12,439,0.304636,4
task_paral,mapb8_8b.txt,2,490,0.000856144,7
task_paral,mapb8_8b.txt,2,490,0.000843874,9
task_paral,mapb9_9b.txt,32,439,0.37645,13
task_paral,mapb9_9b.txt,32,439,0.362514,12
task_paral,mapb9_9b.txt,32,439,0.298047,11
task_paral,mapb9_9b.txt,32,439,0.374316,10
task_paral,mapb9_9b.txt,32,439,0.32734,9
task_paral,mapb9_9b.txt,32,439,0.379951,8
task_paral,mapb9_9b.txt,32,439,0.31539,7
task_paral,mapb9_9b.txt,32,439,0.337844,6
task_paral,mapb9_9b.txt,32,439,0.384431,5
task_paral,mapb9_9b.txt,32,439,0.381912,4
task_paral,mapb9_9b.txt,16,439,0.309348,13
task_paral,mapb9_9b.txt,16,439,0.312017,12
task_paral,mapb9_9b.txt,16,439,0.320586,11
task_paral,mapb9_9b.txt,48,439,0.353767,4
task_paral,mapb9_9b.txt,16,439,0.322519,10
task_paral,mapb9_9b.txt,16,439,0.320415,8
task_paral,mapb9_9b.txt,16,439,0.308157,7
task_paral,mapb9_9b.txt,16,439,0.303071,6
task_paral,mapb9_9b.txt,16,439,0.316694,5
task_paral,mapb9_9b.txt,16,439,0.32402,4
task_paral,mapb9_9b.txt,12,439,0.295251,13
task_paral,mapb9_9b.txt,12,439,0.316897,12
task_paral,mapb9_9b.txt,12,439,0.298235,11
task_paral,mapb9_9b.txt,12,439,0.301926,10
task_paral,mapb9_9b.txt,12,439,0.302439,9
task_paral,mapb9_9b.txt,12,439,0.316148,8
task_paral,mapb9_9b.txt,12,439,0.306521,7
task_paral,mapb9_9b.txt,12,439,0.311663,6
task_paral,mapb9_9b.txt,16,439,0.308095,9
task_paral,mapb9_9b.txt,48,439,0.356409,5
task_paral,mapb9_9b.txt,48,439,0.34034,6
task_paral,mapb9_9b.txt,48,439,0.420247,7
task_paral,mapb8_8b.txt,2,490,0.000869244,10
task_paral,mapb8_8b.txt,2,490,0.000862084,11
task_paral,mapb8_8b.txt,2,490,0.000862475,12
task_paral,mapb8_8b.txt,2,490,0.000880135,13
task_paral,mapb8_8b.txt,4,490,0.000999645,4
task_paral,mapb8_8b.txt,4,490,0.00102009,5
task_paral,mapb8_8b.txt,4,490,0.000984024,6
task_paral,mapb8_8b.txt,4,490,0.00102497,7
task_paral,mapb8_8b.txt,4,490,0.00100176,8
task_paral,mapb8_8b.txt,4,490,0.000984764,9
task_paral,mapb8_8b.txt,4,490,0.000985815,10
task_paral,mapb8_8b.txt,4,490,0.00103019,11
task_paral,mapb8_8b.txt,4,490,0.00105706,12
task_paral,mapb8_8b.txt,4,490,0.000998345,13
task_paral,mapb8_8b.txt,12,490,0.00155857,4
task_paral,mapb8_8b.txt,12,490,0.00161019,5
task_paral,mapb8_8b.txt,12,490,0.00156552,6
task_paral,mapb8_8b.txt,12,490,0.00156446,7
task_paral,mapb8_8b.txt,12,490,0.00160924,8
task_paral,mapb8_8b.txt,12,490,0.00159928,9
task_paral,mapb8_8b.txt,12,490,0.00154887,10
task_paral,mapb8_8b.txt,12,490,0.00157236,11
task_paral,mapb8_8b.txt,12,490,0.00157558,12
task_paral,mapb9_9b.txt,48,439,0.365601,13
task_paral,mapb9_9b.txt,48,439,0.37236,12
task_paral,mapb9_9b.txt,48,439,0.363919,11
task_paral,mapb9_9b.txt,48,439,0.391308,10
task_paral,mapb9_9b.txt,48,439,0.367304,9
task_paral,mapb9_9b.txt,48,439,0.3588,8
task_paral,mapb8_8b.txt,2,490,0.000864874,8
task_paral,mapb9_9a.txt,1,509,0.0648104,6
