variant,input,threads,score,time_sec,run
sequential,mapb10_10a.txt,1,580,11.6378,1
sequential,mapb10_10a.txt,1,580,11.6601,2
sequential,mapb10_10a.txt,1,580,11.6888,3
sequential,mapb8_8a.txt,1,490,0.00354067,1
sequential,mapb8_8a.txt,1,490,0.0034795,2
sequential,mapb8_8a.txt,1,490,0.00348214,3
sequential,mapb8_8b.txt,1,490,0.000436742,1
sequential,mapb8_8b.txt,1,490,0.000437102,2
sequential,mapb8_8b.txt,1,490,0.000436172,3
sequential,mapb9_9a.txt,1,509,0.057919,1
sequential,mapb9_9a.txt,1,509,0.0578183,2
sequential,mapb9_9a.txt,1,509,0.0584209,3
sequential,mapb9_9b.txt,1,439,0.373317,1
sequential,mapb9_9b.txt,1,439,0.378022,2
sequential,mapb9_9b.txt,1,439,0.37235,3
task_paral,mapb10_10a.txt,1,580,13.324,1
task_paral,mapb10_10a.txt,1,580,13.3395,2
task_paral,mapb10_10a.txt,1,580,13.3463,3
task_paral,mapb10_10a.txt,2,580,6.9256,1
task_paral,mapb10_10a.txt,2,580,6.25087,2
task_paral,mapb10_10a.txt,2,580,6.61617,3
task_paral,mapb10_10a.txt,4,580,6.30606,1
task_paral,mapb10_10a.txt,4,580,6.38057,2
task_paral,mapb10_10a.txt,4,580,6.17365,3
task_paral,mapb10_10a.txt,12,580,6.28083,1
task_paral,mapb10_10a.txt,12,580,6.55662,2
task_paral,mapb10_10a.txt,12,580,5.6723,3
task_paral,mapb10_10a.txt,16,580,6.28528,1
task_paral,mapb10_10a.txt,16,580,6.70434,2
task_paral,mapb10_10a.txt,16,580,5.42912,3
task_paral,mapb10_10a.txt,32,580,6.52497,1
task_paral,mapb10_10a.txt,32,580,6.8719,2
task_paral,mapb10_10a.txt,32,580,6.29595,3
task_paral,mapb10_10a.txt,48,580,6.81778,1
task_paral,mapb10_10a.txt,48,580,7.19292,2
task_paral,mapb10_10a.txt,48,580,7.29746,3
task_paral,mapb8_8a.txt,1,490,0.00405725,1
task_paral,mapb8_8a.txt,1,490,0.00405357,2
task_paral,mapb8_8a.txt,1,490,0.00406411,3
task_paral,mapb8_8a.txt,2,490,0.00592503,1
task_paral,mapb8_8a.txt,2,490,0.00658543,2
task_paral,mapb8_8a.txt,2,490,0.00652724,3
task_paral,mapb8_8a.txt,4,490,0.00435833,1
task_paral,mapb8_8a.txt,4,490,0.00417977,2
task_paral,mapb8_8a.txt,4,490,0.00438525,3
task_paral,mapb8_8a.txt,12,490,0.00515241,1
task_paral,mapb8_8a.txt,12,490,0.00497649,2
task_paral,mapb8_8a.txt,12,490,0.00492399,3
task_paral,mapb8_8a.txt,16,490,0.005368,1
task_paral,mapb8_8a.txt,16,490,0.0053141,2
task_paral,mapb8_8a.txt,16,490,0.00486688,3
task_paral,mapb8_8a.txt,32,490,0.00633347,1
task_paral,mapb8_8a.txt,32,490,0.00648454,2
task_paral,mapb8_8a.txt,32,490,0.00680168,3
task_paral,mapb8_8a.txt,48,490,0.00781418,1
task_paral,mapb8_8a.txt,48,490,0.00728014,2
task_paral,mapb8_8a.txt,48,490,0.0392845,3
task_paral,mapb8_8b.txt,1,490,0.000551863,1
task_paral,mapb8_8b.txt,1,490,0.000554633,2
task_paral,mapb8_8b.txt,1,490,0.000548073,3
task_paral,mapb8_8b.txt,2,490,0.000859314,1
task_paral,mapb8_8b.txt,2,490,0.000868424,2
task_paral,mapb8_8b.txt,2,490,0.000853224,3
task_paral,mapb8_8b.txt,4,490,0.00100508,1
task_paral,mapb8_8b.txt,4,490,0.000992575,2
task_paral,mapb8_8b.txt,4,490,0.00100643,3
task_paral,mapb8_8b.txt,12,490,0.00158647,1
task_paral,mapb8_8b.txt,12,490,0.00158873,2
task_paral,mapb8_8b.txt,12,490,0.00157839,3
task_paral,mapb8_8b.txt,16,490,0.0017767,1
task_paral,mapb8_8b.txt,16,490,0.00184865,2
task_paral,mapb8_8b.txt,16,490,0.00179633,3
task_paral,mapb8_8b.txt,32,490,0.00282909,1
task_paral,mapb8_8b.txt,32,490,0.00301863,2
task_paral,mapb8_8b.txt,32,490,0.00300098,3
task_paral,mapb8_8b.txt,48,490,0.0215395,1
task_paral,mapb8_8b.txt,48,490,0.00397927,2
task_paral,mapb8_8b.txt,48,490,0.00391189,3
task_paral,mapb9_9a.txt,1,509,0.0647753,1
task_paral,mapb9_9a.txt,1,509,0.0647184,2
task_paral,mapb9_9a.txt,1,509,0.0644848,3
task_paral,mapb9_9a.txt,2,509,0.0960005,1
task_paral,mapb9_9a.txt,2,509,0.0945035,2
task_paral,mapb9_9a.txt,2,509,0.0962136,3
task_paral,mapb9_9a.txt,4,509,0.0612079,1
task_paral,mapb9_9a.txt,4,509,0.0625545,2
task_paral,mapb9_9a.txt,4,509,0.06103,3
task_paral,mapb9_9a.txt,12,509,0.0698834,1
task_paral,mapb9_9a.txt,12,509,0.0653223,2
task_paral,mapb9_9a.txt,12,509,0.0705935,3
task_paral,mapb9_9a.txt,16,509,0.0671742,1
task_paral,mapb9_9a.txt,16,509,0.0687973,2
task_paral,mapb9_9a.txt,16,509,0.06748,3
task_paral,mapb9_9a.txt,32,509,0.0700636,1
task_paral,mapb9_9a.txt,32,509,0.0652758,2
task_paral,mapb9_9a.txt,32,509,0.0649886,3
task_paral,mapb9_9a.txt,48,509,0.0653613,1
task_paral,mapb9_9a.txt,48,509,0.0671552,2
task_paral,mapb9_9a.txt,48,509,0.0651979,3
task_paral,mapb9_9b.txt,1,439,0.414843,1
task_paral,mapb9_9b.txt,1,439,0.414876,2
task_paral,mapb9_9b.txt,1,439,0.416168,3
task_paral,mapb9_9b.txt,2,439,0.453206,1
task_paral,mapb9_9b.txt,2,439,0.451501,2
task_paral,mapb9_9b.txt,2,439,0.449995,3
task_paral,mapb9_9b.txt,4,439,0.303227,1
task_paral,mapb9_9b.txt,4,439,0.304361,2
task_paral,mapb9_9b.txt,4,439,0.305941,3
task_paral,mapb9_9b.txt,12,439,0.315898,1
task_paral,mapb9_9b.txt,12,439,0.309158,2
task_paral,mapb9_9b.txt,12,439,0.314394,3
task_paral,mapb9_9b.txt,16,439,0.304066,1
task_paral,mapb9_9b.txt,16,439,0.322624,2
task_paral,mapb9_9b.txt,16,439,0.316912,3
task_paral,mapb9_9b.txt,32,439,0.333418,1
task_paral,mapb9_9b.txt,32,439,0.361534,2
task_paral,mapb9_9b.txt,32,439,0.360464,3
task_paral,mapb9_9b.txt,48,439,0.349189,1
task_paral,mapb9_9b.txt,48,439,0.39073,2
task_paral,mapb9_9b.txt,48,439,0.396235,3
data_paral,mapb10_10a.txt,1,580,12.8087,1
data_paral,mapb10_10a.txt,1,580,12.8105,2
data_paral,mapb10_10a.txt,1,580,12.8277,3
data_paral,mapb10_10a.txt,2,580,10.4924,1
data_paral,mapb10_10a.txt,2,580,10.7493,2
data_paral,mapb10_10a.txt,2,580,10.6375,3
data_paral,mapb10_10a.txt,4,580,9.00725,1
data_paral,mapb10_10a.txt,4,580,9.08294,2
data_paral,mapb10_10a.txt,4,580,9.00558,3
data_paral,mapb10_10a.txt,12,580,5.96424,1
data_paral,mapb10_10a.txt,12,580,6.00411,2
data_paral,mapb10_10a.txt,12,580,5.98043,3
data_paral,mapb10_10a.txt,16,580,5.45729,1
data_paral,mapb10_10a.txt,16,580,5.42952,2
data_paral,mapb10_10a.txt,16,580,5.46511,3
data_paral,mapb10_10a.txt,32,580,5.2484,1
data_paral,mapb10_10a.txt,32,580,5.16076,2
data_paral,mapb10_10a.txt,32,580,5.20635,3
data_paral,mapb10_10a.txt,48,580,4.98125,1
data_paral,mapb10_10a.txt,48,580,5.36074,2
data_paral,mapb10_10a.txt,48,580,4.93156,3
data_paral,mapb8_8a.txt,1,490,0.00379172,1
data_paral,mapb8_8a.txt,1,490,0.00390482,2
data_paral,mapb8_8a.txt,1,490,0.00376225,3
data_paral,mapb8_8a.txt,2,490,0.00449006,1
data_paral,mapb8_8a.txt,2,490,0.00447595,2
data_paral,mapb8_8a.txt,2,490,0.00448475,3
data_paral,mapb8_8a.txt,4,490,0.00373362,1
data_paral,mapb8_8a.txt,4,490,0.00357401,2
data_paral,mapb8_8a.txt,4,490,0.00382403,3
data_paral,mapb8_8a.txt,12,490,0.00491475,1
data_paral,mapb8_8a.txt,12,490,0.00480852,2
data_paral,mapb8_8a.txt,12,490,0.00489605,3
data_paral,mapb8_8a.txt,16,490,0.00519059,1
data_paral,mapb8_8a.txt,16,490,0.00572211,2
data_paral,mapb8_8a.txt,16,490,0.0055036,3
data_paral,mapb8_8a.txt,32,490,0.00644769,1
data_paral,mapb8_8a.txt,32,490,0.00652844,2
data_paral,mapb8_8a.txt,32,490,0.00648861,3
data_paral,mapb8_8a.txt,48,490,0.00746017,1
data_paral,mapb8_8a.txt,48,490,0.0391843,2
data_paral,mapb8_8a.txt,48,490,0.00716088,3
data_paral,mapb8_8b.txt,1,490,0.000534042,1
data_paral,mapb8_8b.txt,1,490,0.000498042,2
data_paral,mapb8_8b.txt,1,490,0.000499493,3
data_paral,mapb8_8b.txt,2,490,0.000733194,1
data_paral,mapb8_8b.txt,2,490,0.000814884,2
data_paral,mapb8_8b.txt,2,490,0.000832354,3
data_paral,mapb8_8b.txt,4,490,0.000971375,1
data_paral,mapb8_8b.txt,4,490,0.000981935,2
data_paral,mapb8_8b.txt,4,490,0.000894104,3
data_paral,mapb8_8b.txt,12,490,0.00148676,1
data_paral,mapb8_8b.txt,12,490,0.00152194,2
data_paral,mapb8_8b.txt,12,490,0.00150399,3
data_paral,mapb8_8b.txt,16,490,0.00176875,1
data_paral,mapb8_8b.txt,16,490,0.00180661,2
data_paral,mapb8_8b.txt,16,490,0.00177995,3
data_paral,mapb8_8b.txt,32,490,0.00284895,1
data_paral,mapb8_8b.txt,32,490,0.00285694,2
data_paral,mapb8_8b.txt,32,490,0.00279037,3
data_paral,mapb8_8b.txt,48,490,0.00401566,1
data_paral,mapb8_8b.txt,48,490,0.00385615,2
data_paral,mapb8_8b.txt,48,490,0.00379513,3
data_paral,mapb9_9a.txt,1,509,0.0611056,1
data_paral,mapb9_9a.txt,1,509,0.0614596,2
data_paral,mapb9_9a.txt,1,509,0.0610533,3
data_paral,mapb9_9a.txt,2,509,0.0634579,1
data_paral,mapb9_9a.txt,2,509,0.0696941,2
data_paral,mapb9_9a.txt,2,509,0.0686135,3
data_paral,mapb9_9a.txt,4,509,0.056762,1
data_paral,mapb9_9a.txt,4,509,0.0577578,2
data_paral,mapb9_9a.txt,4,509,0.0569957,3
data_paral,mapb9_9a.txt,12,509,0.0619539,1
data_paral,mapb9_9a.txt,12,509,0.0617622,2
data_paral,mapb9_9a.txt,12,509,0.0600866,3
data_paral,mapb9_9a.txt,16,509,0.0660882,1
data_paral,mapb9_9a.txt,16,509,0.0673012,2
data_paral,mapb9_9a.txt,16,509,0.0655843,3
data_paral,mapb9_9a.txt,32,509,0.0730677,1
data_paral,mapb9_9a.txt,32,509,0.0719725,2
data_paral,mapb9_9a.txt,32,509,0.0745765,3
data_paral,mapb9_9a.txt,48,509,0.0914956,1
data_paral,mapb9_9a.txt,48,509,0.0734996,2
data_paral,mapb9_9a.txt,48,509,0.0726364,3
data_paral,mapb9_9b.txt,1,439,0.394801,1
data_paral,mapb9_9b.txt,1,439,0.395587,2
data_paral,mapb9_9b.txt,1,439,0.396748,3
data_paral,mapb9_9b.txt,2,439,0.377265,1
data_paral,mapb9_9b.txt,2,439,0.378463,2
data_paral,mapb9_9b.txt,2,439,0.411466,3
data_paral,mapb9_9b.txt,4,439,0.342232,1
data_paral,mapb9_9b.txt,4,439,0.347546,2
data_paral,mapb9_9b.txt,4,439,0.344939,3
data_paral,mapb9_9b.txt,12,439,0.242211,1
data_paral,mapb9_9b.txt,12,439,0.237439,2
data_paral,mapb9_9b.txt,12,439,0.239893,3
data_paral,mapb9_9b.txt,16,439,0.231867,1
data_paral,mapb9_9b.txt,16,439,0.236102,2
data_paral,mapb9_9b.txt,16,439,0.231951,3
data_paral,mapb9_9b.txt,32,439,0.238532,1
data_paral,mapb9_9b.txt,32,439,0.2361,2
data_paral,mapb9_9b.txt,32,439,0.238003,3
data_paral,mapb9_9b.txt,48,439,0.239932,1
data_paral,mapb9_9b.txt,48,439,0.241667,2
data_paral,mapb9_9b.txt,48,439,0.277328,3
